{
    "$schema": "https://schema.management.azure.com/schemas/2015-01-01/deploymentParameters.json#",
    "contentVersion": "1.0.0.0",
    "parameters": {
        "factoryName": {
            "value": "Ragul-df"
        },
        "source_connection_connectionString": {
            "value": ""
        },
        "destination_connection_connectionString": {
            "value": ""
        },
        "sourse_accountKey": {
            "value": ""
        },
        "Destination2_connectionString": {
            "value": ""
        },
        "AzureBlobStorage1_connectionString": {
            "value": ""
        },
        "sourse_properties_typeProperties_url": {
            "value": "https://sengabagam.dfs.core.windows.net/"
        },
        "containerUri": {
            "value": ""
        },
        "containerSasToken": {
            "value": ""
        }
    }
}