{
    "$schema": "http://schema.management.azure.com/schemas/2015-01-01/deploymentTemplate.json#",
    "contentVersion": "1.0.0.0",
    "parameters": {
        "factoryName": {
            "type": "string",
            "metadata": "Data Factory name",
            "defaultValue": "Ragul-df"
        },
        "source_connection_connectionString": {
            "type": "secureString",
            "metadata": "Secure string for 'connectionString' of 'source_connection'"
        },
        "destination_connection_connectionString": {
            "type": "secureString",
            "metadata": "Secure string for 'connectionString' of 'destination_connection'"
        },
        "sourse_accountKey": {
            "type": "secureString",
            "metadata": "Secure string for 'accountKey' of 'sourse'"
        },
        "Destination2_connectionString": {
            "type": "secureString",
            "metadata": "Secure string for 'connectionString' of 'Destination2'"
        },
        "AzureBlobStorage1_connectionString": {
            "type": "secureString",
            "metadata": "Secure string for 'connectionString' of 'AzureBlobStorage1'"
        },
        "sourse_properties_typeProperties_url": {
            "type": "string",
            "defaultValue": "https://sengabagam.dfs.core.windows.net/"
        },
        "containerUri": {
            "type": "string",
            "metadata": "URI to storage account containing linked ARM templates"
        },
        "containerSasToken": {
            "type": "string",
            "metadata": "Sas token to storage account containing linked ARM templates"
        }
    },
    "variables": {
        "factoryId": "[concat('Microsoft.DataFactory/factories/', parameters('factoryName'))]"
    },
    "resources": [
        {
            "name": "Ragul-df_ArmTemplate_0",
            "type": "Microsoft.Resources/deployments",
            "apiVersion": "2024-03-01",
            "properties": {
                "mode": "incremental",
                "templateLink": {
                    "uri": "[concat(parameters('containerUri'), '/ArmTemplate_0.json', parameters('containerSasToken'))]",
                    "contentVersion": "1.0.0.0"
                },
                "parameters": {
                    "factoryName": {
                        "value": "[parameters('factoryName')]"
                    },
                    "source_connection_connectionString": {
                        "value": "[parameters('source_connection_connectionString')]"
                    },
                    "destination_connection_connectionString": {
                        "value": "[parameters('destination_connection_connectionString')]"
                    },
                    "sourse_accountKey": {
                        "value": "[parameters('sourse_accountKey')]"
                    },
                    "Destination2_connectionString": {
                        "value": "[parameters('Destination2_connectionString')]"
                    },
                    "AzureBlobStorage1_connectionString": {
                        "value": "[parameters('AzureBlobStorage1_connectionString')]"
                    },
                    "sourse_properties_typeProperties_url": {
                        "value": "[parameters('sourse_properties_typeProperties_url')]"
                    }
                }
            },
            "dependsOn": []
        }
    ]
}