{
    "$schema": "http://schema.management.azure.com/schemas/2015-01-01/deploymentTemplate.json#",
    "contentVersion": "1.0.0.0",
    "parameters": {
        "factoryName": {
            "type": "string",
            "metadata": "Data Factory name",
            "defaultValue": "Ragul-df"
        },
        "source_connection_connectionString": {
            "type": "secureString",
            "metadata": "Secure string for 'connectionString' of 'source_connection'"
        },
        "destination_connection_connectionString": {
            "type": "secureString",
            "metadata": "Secure string for 'connectionString' of 'destination_connection'"
        },
        "sourse_accountKey": {
            "type": "secureString",
            "metadata": "Secure string for 'accountKey' of 'sourse'"
        },
        "Destination2_connectionString": {
            "type": "secureString",
            "metadata": "Secure string for 'connectionString' of 'Destination2'"
        },
        "AzureBlobStorage1_connectionString": {
            "type": "secureString",
            "metadata": "Secure string for 'connectionString' of 'AzureBlobStorage1'"
        },
        "sourse_properties_typeProperties_url": {
            "type": "string",
            "defaultValue": "https://sengabagam.dfs.core.windows.net/"
        }
    },
    "variables": {
        "factoryId": "[concat('Microsoft.DataFactory/factories/', parameters('factoryName'))]"
    },
    "resources": [
        {
            "name": "[concat(parameters('factoryName'), '/SourceDataset_nl8')]",
            "type": "Microsoft.DataFactory/factories/datasets",
            "apiVersion": "2018-06-01",
            "properties": {
                "linkedServiceName": {
                    "referenceName": "source_connection",
                    "type": "LinkedServiceReference"
                },
                "annotations": [],
                "type": "DelimitedText",
                "typeProperties": {
                    "location": {
                        "type": "AzureBlobStorageLocation",
                        "fileName": "pizza_sales.csv",
                        "container": "source"
                    },
                    "columnDelimiter": ",",
                    "escapeChar": "\\",
                    "firstRowAsHeader": true,
                    "quoteChar": "\""
                },
                "schema": [
                    {
                        "name": "pizza_id",
                        "type": "String"
                    },
                    {
                        "name": "order_id",
                        "type": "String"
                    },
                    {
                        "name": "pizza_name_id",
                        "type": "String"
                    },
                    {
                        "name": "quantity",
                        "type": "String"
                    },
                    {
                        "name": "order_date",
                        "type": "String"
                    },
                    {
                        "name": "order_time",
                        "type": "String"
                    },
                    {
                        "name": "unit_price",
                        "type": "String"
                    },
                    {
                        "name": "total_price",
                        "type": "String"
                    },
                    {
                        "name": "pizza_size",
                        "type": "String"
                    },
                    {
                        "name": "pizza_category",
                        "type": "String"
                    },
                    {
                        "name": "pizza_ingredients",
                        "type": "String"
                    },
                    {
                        "name": "pizza_name",
                        "type": "String"
                    }
                ]
            },
            "dependsOn": [
                "[concat(variables('factoryId'), '/linkedServices/source_connection')]"
            ]
        },
        {
            "name": "[concat(parameters('factoryName'), '/DestinationDataset_nl8')]",
            "type": "Microsoft.DataFactory/factories/datasets",
            "apiVersion": "2018-06-01",
            "properties": {
                "linkedServiceName": {
                    "referenceName": "destination_connection",
                    "type": "LinkedServiceReference"
                },
                "annotations": [],
                "type": "DelimitedText",
                "typeProperties": {
                    "location": {
                        "type": "AzureBlobStorageLocation",
                        "container": "destination"
                    },
                    "columnDelimiter": ",",
                    "escapeChar": "\\",
                    "firstRowAsHeader": true,
                    "quoteChar": "\""
                },
                "schema": []
            },
            "dependsOn": [
                "[concat(variables('factoryId'), '/linkedServices/destination_connection')]"
            ]
        },
        {
            "name": "[concat(parameters('factoryName'), '/source_connection')]",
            "type": "Microsoft.DataFactory/factories/linkedServices",
            "apiVersion": "2018-06-01",
            "properties": {
                "annotations": [],
                "type": "AzureBlobStorage",
                "typeProperties": {
                    "connectionString": "[parameters('source_connection_connectionString')]"
                }
            },
            "dependsOn": []
        },
        {
            "name": "[concat(parameters('factoryName'), '/destination_connection')]",
            "type": "Microsoft.DataFactory/factories/linkedServices",
            "apiVersion": "2018-06-01",
            "properties": {
                "annotations": [],
                "type": "AzureBlobStorage",
                "typeProperties": {
                    "connectionString": "[parameters('destination_connection_connectionString')]"
                }
            },
            "dependsOn": []
        },
        {
            "name": "[concat(parameters('factoryName'), '/sourse')]",
            "type": "Microsoft.DataFactory/factories/linkedServices",
            "apiVersion": "2018-06-01",
            "properties": {
                "annotations": [],
                "type": "AzureBlobFS",
                "typeProperties": {
                    "url": "[parameters('sourse_properties_typeProperties_url')]",
                    "accountKey": {
                        "type": "SecureString",
                        "value": "[parameters('sourse_accountKey')]"
                    }
                }
            },
            "dependsOn": []
        },
        {
            "name": "[concat(parameters('factoryName'), '/Destination2')]",
            "type": "Microsoft.DataFactory/factories/linkedServices",
            "apiVersion": "2018-06-01",
            "properties": {
                "annotations": [],
                "type": "AzureBlobStorage",
                "typeProperties": {
                    "connectionString": "[parameters('Destination2_connectionString')]"
                }
            },
            "dependsOn": []
        },
        {
            "name": "[concat(parameters('factoryName'), '/project')]",
            "type": "Microsoft.DataFactory/factories/pipelines",
            "apiVersion": "2018-06-01",
            "properties": {
                "activities": [
                    {
                        "name": "Copy data1",
                        "type": "Copy",
                        "dependsOn": [],
                        "policy": {
                            "timeout": "0.12:00:00",
                            "retry": 0,
                            "retryIntervalInSeconds": 30,
                            "secureOutput": false,
                            "secureInput": false
                        },
                        "userProperties": [],
                        "typeProperties": {
                            "source": {
                                "type": "DelimitedTextSource",
                                "storeSettings": {
                                    "type": "AzureBlobStorageReadSettings",
                                    "recursive": true,
                                    "enablePartitionDiscovery": false
                                },
                                "formatSettings": {
                                    "type": "DelimitedTextReadSettings"
                                }
                            },
                            "sink": {
                                "type": "DelimitedTextSink",
                                "storeSettings": {
                                    "type": "AzureBlobStorageWriteSettings"
                                },
                                "formatSettings": {
                                    "type": "DelimitedTextWriteSettings",
                                    "quoteAllText": true,
                                    "fileExtension": ".txt"
                                }
                            },
                            "enableStaging": false,
                            "translator": {
                                "type": "TabularTranslator",
                                "typeConversion": true,
                                "typeConversionSettings": {
                                    "allowDataTruncation": true,
                                    "treatBooleanAsNumber": false
                                }
                            }
                        },
                        "inputs": [
                            {
                                "referenceName": "DelimitedText1",
                                "type": "DatasetReference",
                                "parameters": {}
                            }
                        ],
                        "outputs": [
                            {
                                "referenceName": "DelimitedText2",
                                "type": "DatasetReference",
                                "parameters": {}
                            }
                        ]
                    }
                ],
                "policy": {
                    "elapsedTimeMetric": {}
                },
                "annotations": []
            },
            "dependsOn": [
                "[concat(variables('factoryId'), '/datasets/DelimitedText1')]",
                "[concat(variables('factoryId'), '/datasets/DelimitedText2')]"
            ]
        },
        {
            "name": "[concat(parameters('factoryName'), '/DelimitedText1')]",
            "type": "Microsoft.DataFactory/factories/datasets",
            "apiVersion": "2018-06-01",
            "properties": {
                "linkedServiceName": {
                    "referenceName": "source_connection",
                    "type": "LinkedServiceReference"
                },
                "annotations": [],
                "type": "DelimitedText",
                "typeProperties": {
                    "location": {
                        "type": "AzureBlobStorageLocation",
                        "fileName": "pizza_sales.csv",
                        "container": "source"
                    },
                    "columnDelimiter": ",",
                    "escapeChar": "\\",
                    "firstRowAsHeader": true,
                    "quoteChar": "\""
                },
                "schema": [
                    {
                        "name": "pizza_id",
                        "type": "String"
                    },
                    {
                        "name": "order_id",
                        "type": "String"
                    },
                    {
                        "name": "pizza_name_id",
                        "type": "String"
                    },
                    {
                        "name": "quantity",
                        "type": "String"
                    },
                    {
                        "name": "order_date",
                        "type": "String"
                    },
                    {
                        "name": "order_time",
                        "type": "String"
                    },
                    {
                        "name": "unit_price",
                        "type": "String"
                    },
                    {
                        "name": "total_price",
                        "type": "String"
                    },
                    {
                        "name": "pizza_size",
                        "type": "String"
                    },
                    {
                        "name": "pizza_category",
                        "type": "String"
                    },
                    {
                        "name": "pizza_ingredients",
                        "type": "String"
                    },
                    {
                        "name": "pizza_name",
                        "type": "String"
                    }
                ]
            },
            "dependsOn": [
                "[concat(variables('factoryId'), '/linkedServices/source_connection')]"
            ]
        },
        {
            "name": "[concat(parameters('factoryName'), '/AzureBlobStorage1')]",
            "type": "Microsoft.DataFactory/factories/linkedServices",
            "apiVersion": "2018-06-01",
            "properties": {
                "annotations": [],
                "type": "AzureBlobStorage",
                "typeProperties": {
                    "connectionString": "[parameters('AzureBlobStorage1_connectionString')]"
                }
            },
            "dependsOn": []
        },
        {
            "name": "[concat(parameters('factoryName'), '/DelimitedText2')]",
            "type": "Microsoft.DataFactory/factories/datasets",
            "apiVersion": "2018-06-01",
            "properties": {
                "linkedServiceName": {
                    "referenceName": "AzureBlobStorage1",
                    "type": "LinkedServiceReference"
                },
                "annotations": [],
                "type": "DelimitedText",
                "typeProperties": {
                    "location": {
                        "type": "AzureBlobStorageLocation",
                        "container": "destination"
                    },
                    "columnDelimiter": ",",
                    "escapeChar": "\\",
                    "firstRowAsHeader": true,
                    "quoteChar": "\""
                },
                "schema": [
                    {
                        "name": "match_id",
                        "type": "String"
                    },
                    {
                        "name": "inning",
                        "type": "String"
                    },
                    {
                        "name": "batting_team",
                        "type": "String"
                    },
                    {
                        "name": "bowling_team",
                        "type": "String"
                    },
                    {
                        "name": "over",
                        "type": "String"
                    },
                    {
                        "name": "ball",
                        "type": "String"
                    },
                    {
                        "name": "batter",
                        "type": "String"
                    },
                    {
                        "name": "bowler",
                        "type": "String"
                    },
                    {
                        "name": "non_striker",
                        "type": "String"
                    },
                    {
                        "name": "batsman_runs",
                        "type": "String"
                    },
                    {
                        "name": "extra_runs",
                        "type": "String"
                    },
                    {
                        "name": "total_runs",
                        "type": "String"
                    },
                    {
                        "name": "extras_type",
                        "type": "String"
                    },
                    {
                        "name": "is_wicket",
                        "type": "String"
                    },
                    {
                        "name": "player_dismissed",
                        "type": "String"
                    },
                    {
                        "name": "dismissal_kind",
                        "type": "String"
                    },
                    {
                        "name": "fielder",
                        "type": "String"
                    }
                ]
            },
            "dependsOn": [
                "[concat(variables('factoryId'), '/linkedServices/AzureBlobStorage1')]"
            ]
        }
    ]
}